TYPE,,,,,,,,,,,,,,,,,,,,,,,,,,,,,,,,,,,,,,,,,,,,,,,,,,,,,,,,,,,,,,,,,,,,,,,,,,,,,,,,,
,Dépôt Quai,chargt déchargt,Essais nettoyage Dubus,Panne Dubus,Maintenance,Rangmt nettoyage,cales Bois,Aide Daniel,visite médicale,Pliage ,autre,Belvédère,"bt115
Paris Dauphine","bt131
reprise","bt134
Layani ","bt144
J.d'arc","bt159
","bt160
UFR 
Angers","bt163
Toulouse","bt171
Bessier","bt172
Tour neptune",Carac,Cléret,Cléret 2,jeanne d'arc,La Rapée,"pd102
Layani","pd106
trappes","pd117
Carac ","pd13
Nantes","pd16
La Rapée","pd18
Guyancourt","pd36
R. Albert","pd38
Bessier","pd39
Limours","pd40
Bessier","pd41
Bessier","pd42
Bessier","pd466
Commynes","pd467
Commynes","pd58
Cléret",Stephenson,16,106,114,115,120,121,126,131,134,143,144,145,150,151,152,153,154,156,157,158,159,160,161,163,166,169,170,171,172,173,175,178,179,182,183,Test Basculant,184,141,122
,,,,,,,,,,,,658,662,647,545,575,,424,504,656,654,594,,,575,657,545,658,594,634,657,660,655,656,598,656,656,656,538,538,,675,,,,,,,,,,,,,,,,,,,,,,,,,,,,,,,,,,,,,,,
